run,seed,fdm_seconds,nn_train_seconds,pinn_train_seconds,nn_peak_cuda_mb,pinn_peak_cuda_mb,rss_mb,nn_rmse_h4,nn_mae_h4,nn_max_h4,nn_rmse_h5,nn_mae_h5,nn_max_h5,nn_rmse_h6,nn_mae_h6,nn_max_h6,nn_rmse_mean,nn_mae_mean,nn_max_mean,pinn_rmse_h4,pinn_mae_h4,pinn_max_h4,pinn_rmse_h5,pinn_mae_h5,pinn_max_h5,pinn_rmse_h6,pinn_mae_h6,pinn_max_h6,pinn_rmse_mean,pinn_mae_mean,pinn_max_mean,rmse_reduction_percent,mae_reduction_percent
1.0,1001.0,0.02869109998573549,1.8839393999951426,12.592731700016884,28.4873046875,37.7568359375,1277.34375,0.02418897913610956,0.021774076396094574,0.05736490938949679,0.02951890544499135,0.026562373101644714,0.06780162297745584,0.03424039590503002,0.03082458919343255,0.06859280193637596,0.029316093495376977,0.026387012897057277,0.0645864447677762,0.017934965153088702,0.01297358395729936,0.07496310509617277,0.023785962252251904,0.01589854616962273,0.09617321830021286,0.02900720252398849,0.019167734425341993,0.10929824982259873,0.023576043309776366,0.016013288184088027,0.09347819107299478,19.579860415255506,39.31375163016707
