run,seed,fdm_seconds,nn_train_seconds,pinn_train_seconds,nn_peak_cuda_mb,pinn_peak_cuda_mb,rss_mb,nn_rmse_h4,nn_mae_h4,nn_max_h4,nn_rmse_h5,nn_mae_h5,nn_max_h5,nn_rmse_h6,nn_mae_h6,nn_max_h6,nn_rmse_mean,nn_mae_mean,nn_max_mean,pinn_rmse_h4,pinn_mae_h4,pinn_max_h4,pinn_rmse_h5,pinn_mae_h5,pinn_max_h5,pinn_rmse_h6,pinn_mae_h6,pinn_max_h6,pinn_rmse_mean,pinn_mae_mean,pinn_max_mean,rmse_reduction_percent,mae_reduction_percent
1.0,42.0,0.02713270002277568,4.88690419998602,54.29729529999895,21.369140625,57.36962890625,1277.6015625,0.027517145575404686,0.023671960258530463,0.057102084159851074,0.03295345255761632,0.028287693272670226,0.06981284196352333,0.037380649092279644,0.031991273780635494,0.0838557711232577,0.03261708240843355,0.027983642437278727,0.07025689908221071,0.016851554055703523,0.013406346835902876,0.06563438214237638,0.02106517452805484,0.014564969191348604,0.08867268901096725,0.02760062154153977,0.018725239681980282,0.10642327392886863,0.02183911670843271,0.01556551856974392,0.08691011502740409,33.04392945094949,44.3763669985715
