run,seed,fdm_seconds,nn_train_seconds,pinn_train_seconds,nn_peak_cuda_mb,pinn_peak_cuda_mb,rss_mb,nn_rmse_h4,nn_mae_h4,nn_max_h4,nn_rmse_h5,nn_mae_h5,nn_max_h5,nn_rmse_h6,nn_mae_h6,nn_max_h6,nn_rmse_mean,nn_mae_mean,nn_max_mean,pinn_rmse_h4,pinn_mae_h4,pinn_max_h4,pinn_rmse_h5,pinn_mae_h5,pinn_max_h5,pinn_rmse_h6,pinn_mae_h6,pinn_max_h6,pinn_rmse_mean,pinn_mae_mean,pinn_max_mean,rmse_reduction_percent,mae_reduction_percent
1.0,42.0,0.029050399985862896,1.625517900014529,13.059137300006114,26.9482421875,39.7802734375,1277.12109375,0.028594798374029663,0.025690824430161137,0.047893524169921875,0.03415734376213377,0.030608690515883708,0.056797175040444126,0.03880506861922832,0.03469659102038235,0.06373512744903564,0.033852403585130586,0.0303320353221424,0.056141942219800546,0.01733754735064205,0.013409089777168214,0.07125664986545988,0.022622514107834765,0.015488801298327368,0.09345786910282516,0.028208877198817678,0.018448063657033907,0.10839141929935203,0.022722979552431497,0.015781984910843164,0.09103531275587902,32.87631852997169,47.9692518380977
